-- MySQL dump 10.13  Distrib 8.0.41, for Win64 (x86_64)
--
-- Host: shuttle.proxy.rlwy.net    Database: railway
-- ------------------------------------------------------
-- Server version	9.3.0

/*!40101 SET @OLD_CHARACTER_SET_CLIENT=@@CHARACTER_SET_CLIENT */;
/*!40101 SET @OLD_CHARACTER_SET_RESULTS=@@CHARACTER_SET_RESULTS */;
/*!40101 SET @OLD_COLLATION_CONNECTION=@@COLLATION_CONNECTION */;
/*!50503 SET NAMES utf8 */;
/*!40103 SET @OLD_TIME_ZONE=@@TIME_ZONE */;
/*!40103 SET TIME_ZONE='+00:00' */;
/*!40014 SET @OLD_UNIQUE_CHECKS=@@UNIQUE_CHECKS, UNIQUE_CHECKS=0 */;
/*!40014 SET @OLD_FOREIGN_KEY_CHECKS=@@FOREIGN_KEY_CHECKS, FOREIGN_KEY_CHECKS=0 */;
/*!40101 SET @OLD_SQL_MODE=@@SQL_MODE, SQL_MODE='NO_AUTO_VALUE_ON_ZERO' */;
/*!40111 SET @OLD_SQL_NOTES=@@SQL_NOTES, SQL_NOTES=0 */;

--
-- Table structure for table `course_catalog`
--

DROP TABLE IF EXISTS `course_catalog`;
/*!40101 SET @saved_cs_client     = @@character_set_client */;
/*!50503 SET character_set_client = utf8mb4 */;
CREATE TABLE `course_catalog` (
  `CourseCode` varchar(20) NOT NULL,
  `Title` varchar(255) DEFAULT NULL,
  `Credits` int DEFAULT NULL,
  `Prerequisites` text,
  `CourseType` varchar(50) DEFAULT NULL,
  PRIMARY KEY (`CourseCode`)
) ENGINE=InnoDB DEFAULT CHARSET=utf8mb4 COLLATE=utf8mb4_0900_ai_ci;
/*!40101 SET character_set_client = @saved_cs_client */;

--
-- Dumping data for table `course_catalog`
--

LOCK TABLES `course_catalog` WRITE;
/*!40000 ALTER TABLE `course_catalog` DISABLE KEYS */;
INSERT INTO `course_catalog` VALUES ('ARAB001','Arabic Language',2,'{\"prereq\": [], \"coreq\": [], \"pre_or_coreq\": [], \"prereq_or\": []}','General Core'),('BLAW001','Human Rights',1,'{\"prereq\": [], \"coreq\": [], \"pre_or_coreq\": [], \"prereq_or\": []}','General Core'),('CHEM241','Principles of Chemistry',3,'{\"prereq\": [], \"coreq\": [], \"pre_or_coreq\": [], \"prereq_or\": []}','Engineering Core'),('CHEM405','Solid State Chemistry',2,'{\"prereq\": [], \"coreq\": [], \"pre_or_coreq\": [], \"prereq_or\": []}','General Core'),('COME221','Electronic Circuits I',3,'{\"prereq\": [\"POWE212\"], \"coreq\": [], \"pre_or_coreq\": [], \"prereq_or\": []}','Technical Elective'),('COME223','Digital  Electronics',3,'{\"prereq\": [\"POWE212\"], \"coreq\": [], \"pre_or_coreq\": [], \"prereq_or\": []}','Major'),('COME411','Instrumentation',3,'{\"prereq\": [\"COME223\"], \"coreq\": [], \"pre_or_coreq\": [], \"prereq_or\": []}','Major'),('COMP208','Programming I',3,'{\"prereq\": [], \"coreq\": [], \"pre_or_coreq\": [], \"prereq_or\": []}','Engineering Core'),('COMP210','Programming II',3,'{\"prereq\": [\"COMP208\"], \"coreq\": [], \"pre_or_coreq\": [], \"prereq_or\": []}','Major'),('COMP215','Programming for Engineers',3,'{\"prereq\": [\"COMP208\"], \"coreq\": [], \"pre_or_coreq\": [], \"prereq_or\": []}','Major'),('COMP225','Digital Systems I',3,'{\"prereq\": [], \"coreq\": [], \"pre_or_coreq\": [], \"prereq_or\": []}','Major'),('COMP226','Digital Systems II',3,'{\"prereq\": [\"COMP225\"], \"coreq\": [], \"pre_or_coreq\": [], \"prereq_or\": []}','Major'),('COMP231','Discrete Strcutures',3,'{\"prereq\": [\"MATH282\"], \"coreq\": [], \"pre_or_coreq\": [], \"prereq_or\": []}','Major'),('COMP232','Data Structures',3,'{\"prereq\": [\"COMP210\"], \"coreq\": [], \"pre_or_coreq\": [], \"prereq_or\": []}','Major'),('COMP311','Object Oriented Programming',3,'{\"prereq\": [\"COMP210\"], \"coreq\": [], \"pre_or_coreq\": [], \"prereq_or\": []}','Major'),('COMP325','Microprocessor Organization & Design',3,'{\"prereq\": [\"COMP226\"], \"coreq\": [], \"pre_or_coreq\": [], \"prereq_or\": []}','Major'),('COMP337','Analysis & Design of Algorithms',3,'{\"prereq\": [\"COMP232\"], \"coreq\": [], \"pre_or_coreq\": [], \"prereq_or\": []}','Major'),('COMP344','Database Systems',3,'{\"prereq\": [\"COMP232\"], \"coreq\": [], \"pre_or_coreq\": [], \"prereq_or\": []}','Major'),('COMP361','Control Systems',3,'{\"prereq\": [\"MATH284\", \"POWE212\"], \"coreq\": [], \"pre_or_coreq\": [], \"prereq_or\": []}','Major'),('COMP364','Intro to Artificial Intelligence',3,'{\"prereq\": [\"COMP215\"], \"coreq\": [], \"pre_or_coreq\": [], \"prereq_or\": []}','Major'),('COMP423','Computer Architecture',3,'{\"prereq\": [\"COMP325\"], \"coreq\": [], \"pre_or_coreq\": [], \"prereq_or\": []}','Major'),('COMP428','Digital Systems Design',3,'{\"prereq\": [\"COMP226\"], \"coreq\": [], \"pre_or_coreq\": [], \"prereq_or\": []}','Major'),('COMP431','Queuing and Modeling',3,'{\"prereq\": [\"MATH381\"], \"coreq\": [], \"pre_or_coreq\": [], \"prereq_or\": []}','Technical Elective'),('COMP438','Performance Evaluation',3,'{\"prereq\": [\"COMP325\", \"MATH283\"], \"coreq\": [], \"pre_or_coreq\": [], \"prereq_or\": []}','Technical Elective'),('COMP442','Software Engineering',3,'{\"prereq\": [\"COMP311\"], \"coreq\": [], \"pre_or_coreq\": [], \"prereq_or\": []}','Major'),('COMP443','Operating Systems',3,'{\"prereq\": [\"COMP423\"], \"coreq\": [], \"pre_or_coreq\": [], \"prereq_or\": []}','Major'),('COMP444 ','System Programming',3,'{\"prereq\": [\"COMP443\"], \"coreq\": [], \"pre_or_coreq\": [], \"prereq_or\": []}','Technical Elective'),('COMP452','Compilers',3,'{\"prereq\": [\"COMP311\"], \"coreq\": [], \"pre_or_coreq\": [], \"prereq_or\": []}','Major'),('COMP453','Trs & Pr of Digital Signal',3,'{\"prereq\": [\"COMP231\"], \"coreq\": [], \"pre_or_coreq\": [], \"prereq_or\": []}','Major'),('COMP454','Computer Networks',3,'{\"prereq\": [\"COMP225\"], \"coreq\": [\"COMP454L\"], \"pre_or_coreq\": [], \"prereq_or\": []}','Major'),('COMP454L','Computer Networks Lab',1,'{\"prereq\": [], \"coreq\": [\"COMP454\"], \"pre_or_coreq\": [], \"prereq_or\": []}','Major'),('COMP455','Mobile Computing',3,'{\"prereq\": [\"COMP210\"], \"coreq\": [], \"pre_or_coreq\": [], \"prereq_or\": []}','Technical Elective'),('COMP464','Operations Research for Computer Engineering',3,'{\"prereq\": [\"COMP231\"], \"coreq\": [], \"pre_or_coreq\": [], \"prereq_or\": []}','Technical Elective'),('COMP474 ','Introduction to Robotics',3,'{\"prereq\": [\"COMP325\"], \"coreq\": [], \"pre_or_coreq\": [], \"prereq_or\": []}','Technical Elective'),('COMP477','Emerging Trends in Computer Engineering',3,'{\"prereq\": [], \"coreq\": [], \"pre_or_coreq\": [], \"prereq_or\": [[\"COMP325\", \"COMP232\"]]}','Technical Elective'),('COMP499','Internship',1,'{\"prereq\": [], \"coreq\": [], \"pre_or_coreq\": [], \"prereq_or\": []}','Major'),('COMP500','Research Methodology',2,'{\"prereq\": [\"ENGL300\"], \"coreq\": [], \"pre_or_coreq\": [], \"prereq_or\": []}','Major'),('COMP501','FYP1',1,'{\"prereq\": [\"INME221\"], \"coreq\": [], \"pre_or_coreq\": [\"COMP500\"], \"prereq_or\": []}','Major'),('COMP502','FYP2',3,'{\"prereq\": [\"COMP501\"], \"coreq\": [], \"pre_or_coreq\": [], \"prereq_or\": []}','Major'),('COMP505 ','Cybersecurity 1',3,'{\"prereq\": [\"COMP454\"], \"coreq\": [], \"pre_or_coreq\": [], \"prereq_or\": []}','Technical Elective'),('COMP510','Internet Engineering',3,'{\"prereq\": [\"COMP455\"], \"coreq\": [], \"pre_or_coreq\": [], \"prereq_or\": []}','Technical Elective'),('COMP512','Web Programming ',3,'{\"prereq\": [\"COMP344\"], \"coreq\": [], \"pre_or_coreq\": [], \"prereq_or\": []}','Technical Elective'),('COMP525','Embedded & Microprocessor Systems',3,'{\"prereq\": [\"COMP325\"], \"coreq\": [], \"pre_or_coreq\": [], \"prereq_or\": []}','Major'),('COMP529','Hardware Security',3,'{\"prereq\": [\"COMP454\"], \"coreq\": [], \"pre_or_coreq\": [], \"prereq_or\": []}','Technical Elective'),('COMP530','Hardware/Software Co-Design ',3,'{\"prereq\": [\"COMP225\"], \"coreq\": [], \"pre_or_coreq\": [], \"prereq_or\": []}','Technical Elective'),('COMP532','Information Theory & Coding',3,'{\"prereq\": [\"COMP337\", \"MATH381\"], \"coreq\": [], \"pre_or_coreq\": [], \"prereq_or\": []}','Technical Elective'),('COMP533','Computer Graphics',3,'{\"prereq\": [\"COMP311\"], \"coreq\": [], \"pre_or_coreq\": [], \"prereq_or\": []}','Technical Elective'),('COMP534','Pattern Recognition',3,'{\"prereq\": [\"COMP231\"], \"coreq\": [], \"pre_or_coreq\": [], \"prereq_or\": []}','Technical Elective'),('COMP535 ','Digital Image Processing',3,'{\"prereq\": [\"COMP453\"], \"coreq\": [], \"pre_or_coreq\": [], \"prereq_or\": []}','Technical Elective'),('COMP541','Software Development',3,'{\"prereq\": [\"COMP442\"], \"coreq\": [], \"pre_or_coreq\": [], \"prereq_or\": []}','Technical Elective'),('COMP543','Crypto',3,'{\"prereq\": [\"COMP232\"], \"coreq\": [\"COMP543\"], \"pre_or_coreq\": [], \"prereq_or\": []}','Major'),('COMP543L','Crypto Lab',1,'{\"prereq\": [], \"coreq\": [], \"pre_or_coreq\": [], \"prereq_or\": []}','Major'),('COMP551 ','Machine Learning ',3,'{\"prereq\": [\"COMP364\"], \"coreq\": [], \"pre_or_coreq\": [], \"prereq_or\": []}','Technical Elective'),('COMP554','IoT Platform Design and Implementation',3,'{\"prereq\": [\"COMP454\"], \"coreq\": [], \"pre_or_coreq\": [], \"prereq_or\": []}','Technical Elective'),('COMP555','Wireless Security',3,'{\"prereq\": [\"COMP454\"], \"coreq\": [], \"pre_or_coreq\": [], \"prereq_or\": []}','Technical Elective'),('COMP556 ','Sensor Networks',3,'{\"prereq\": [\"COMP454\"], \"coreq\": [], \"pre_or_coreq\": [], \"prereq_or\": []}','Technical Elective'),('COMP559','Internet Security',3,'{\"prereq\": [\"COMP454\"], \"coreq\": [], \"pre_or_coreq\": [], \"prereq_or\": []}','Technical Elective'),('COMP560','Deep Learning',3,'{\"prereq\": [\"COMP364\"], \"coreq\": [], \"pre_or_coreq\": [], \"prereq_or\": []}','Technical Elective'),('COMP561','Digital Control ',3,'{\"prereq\": [\"COMP361\"], \"coreq\": [], \"pre_or_coreq\": [], \"prereq_or\": []}','Technical Elective'),('COMP564 ','Natural Language Processing',3,'{\"prereq\": [\"COMP364\"], \"coreq\": [], \"pre_or_coreq\": [], \"prereq_or\": []}','Technical Elective'),('COMP565','Computer Vision',3,'{\"prereq\": [\"COMP364\"], \"coreq\": [], \"pre_or_coreq\": [], \"prereq_or\": []}','Technical Elective'),('COMP567','Blockchain Network Programming',3,'{\"prereq\": [\"COMP454\"], \"coreq\": [], \"pre_or_coreq\": [], \"prereq_or\": []}','Technical Elective'),('COMP568','Soft Computing',3,'{\"prereq\": [\"COMP232\"], \"coreq\": [], \"pre_or_coreq\": [], \"prereq_or\": []}','Technical Elective'),('CVLE007','Traffic Safety',2,'{\"prereq\": [], \"coreq\": [], \"pre_or_coreq\": [], \"prereq_or\": []}','General Elective'),('CVLE009','Disaster Engineering',2,'{\"prereq\": [], \"coreq\": [], \"pre_or_coreq\": [], \"prereq_or\": []}','General Elective'),('ENGL001','General English',2,'{\"prereq\": [], \"coreq\": [], \"pre_or_coreq\": [], \"prereq_or\": []}','General Core'),('ENGL211','Advanced Writing',2,'{\"prereq\": [\"ENGL001\"], \"coreq\": [], \"pre_or_coreq\": [], \"prereq_or\": []}','Engineering Core'),('ENGL300','Speech Communications',2,'{\"prereq\": [\"ENGL211\"], \"coreq\": [], \"pre_or_coreq\": [], \"prereq_or\": []}','Engineering Core'),('ENGR001','Engineering Ethics',1,'{\"prereq\": [], \"coreq\": [], \"pre_or_coreq\": [], \"prereq_or\": []}','General Core'),('ENGR002','Intro ro Engineering',2,'{\"prereq\": [], \"coreq\": [], \"pre_or_coreq\": [], \"prereq_or\": []}','Engineering Core'),('ENGR003 ','Engineering Project Management',3,'{\"prereq\": [\"ENGL300\"], \"coreq\": [], \"pre_or_coreq\": [], \"prereq_or\": []}','Technical Elective'),('ENVI004','Environmental Issues in Lebanon',2,'{\"prereq\": [], \"coreq\": [], \"pre_or_coreq\": [], \"prereq_or\": []}','General Elective'),('EXTR121','Extra Elective',3,'{\"prereq\": [], \"coreq\": [], \"pre_or_coreq\": [], \"prereq_or\": []}','General Elective'),('FREN001','French Language',2,'{\"prereq\": [], \"coreq\": [], \"pre_or_coreq\": [], \"prereq_or\": []}','General Elective'),('FREN002','Advanced French Language',2,'{\"prereq\": [], \"coreq\": [], \"pre_or_coreq\": [], \"prereq_or\": []}','General Elective'),('HESC003','Introduction to Public Health',2,'{\"prereq\": [], \"coreq\": [], \"pre_or_coreq\": [], \"prereq_or\": []}','General Elective'),('HIST003','قضايا العالم العربي',2,'{\"prereq\": [], \"coreq\": [], \"pre_or_coreq\": [], \"prereq_or\": []}','General Elective'),('HIST009','المعالم الأثرية في لبنان والعام',2,'{\"prereq\": [], \"coreq\": [], \"pre_or_coreq\": [], \"prereq_or\": []}','General Elective'),('HIST018','تاريخ الحضارات',2,'{\"prereq\": [], \"coreq\": [], \"pre_or_coreq\": [], \"prereq_or\": []}','General Elective'),('HIST020','التراث والفلكلور في لبنان والعالم',2,'{\"prereq\": [], \"coreq\": [], \"pre_or_coreq\": [], \"prereq_or\": []}','General Elective'),('HSSC001','History of Science',2,'{\"prereq\": [], \"coreq\": [], \"pre_or_coreq\": [], \"prereq_or\": []}','General Elective'),('INME221','Engineering Economy',3,'{\"prereq\": [], \"coreq\": [], \"pre_or_coreq\": [], \"prereq_or\": []}','Engineering Core'),('MATH281','Linear Algebra',3,'{\"prereq\": [], \"coreq\": [], \"pre_or_coreq\": [], \"prereq_or\": []}','Engineering Core'),('MATH282','Calculus',3,'{\"prereq\": [], \"coreq\": [], \"pre_or_coreq\": [], \"prereq_or\": []}','Engineering Core'),('MATH283','Differential Equations',3,'{\"prereq\": [\"MATH281\", \"MATH282\"], \"coreq\": [], \"pre_or_coreq\": [], \"prereq_or\": []}','Engineering Core'),('MATH284','Numerical Analysis',3,'{\"prereq\": [\"MATH283\"], \"coreq\": [], \"pre_or_coreq\": [], \"prereq_or\": []}','Engineering Core'),('MATH381','Probability & Statistics',3,'{\"prereq\": [\"MATH282\"], \"coreq\": [], \"pre_or_coreq\": [], \"prereq_or\": []}','Engineering Core'),('MCHE213','Dynamics',3,'{\"prereq\": [], \"coreq\": [], \"pre_or_coreq\": [], \"prereq_or\": []}','Engineering Core'),('MGMT002','Entrepreneurship',2,'{\"prereq\": [], \"coreq\": [], \"pre_or_coreq\": [], \"prereq_or\": []}','General Core'),('NURS001','First Aid.',2,'{\"prereq\": [], \"coreq\": [], \"pre_or_coreq\": [], \"prereq_or\": []}','General Elective'),('PHYS002','Physics for Everyday Life',2,'{\"prereq\": [], \"coreq\": [], \"pre_or_coreq\": [], \"prereq_or\": []}','General Elective'),('PHYS006','Introduction to Astronomy',2,'{\"prereq\": [], \"coreq\": [], \"pre_or_coreq\": [], \"prereq_or\": []}','General Elective'),('PHYS281','Electricity & Magnetism',3,'{\"prereq\": [], \"coreq\": [], \"pre_or_coreq\": [], \"prereq_or\": []}','Engineering Core'),('PHYS282','Materials Properties & Heat',3,'{\"prereq\": [], \"coreq\": [], \"pre_or_coreq\": [], \"prereq_or\": []}','Engineering Core'),('POWE212','Electric Circuits I',3,'{\"prereq\": [], \"coreq\": [], \"pre_or_coreq\": [], \"prereq_or\": []}','Major'),('SCTH001','Scientific Thinking',2,'{\"prereq\": [], \"coreq\": [], \"pre_or_coreq\": [], \"prereq_or\": []}','General Elective'),('SOCI001','Princ. in Sociology&Psycol.',2,'{\"prereq\": [], \"coreq\": [], \"pre_or_coreq\": [], \"prereq_or\": []}','General Elective'),('WRNL200','Work Ready Now',3,'{\"prereq\": [], \"coreq\": [], \"pre_or_coreq\": [], \"prereq_or\": []}','General Elective');
/*!40000 ALTER TABLE `course_catalog` ENABLE KEYS */;
UNLOCK TABLES;

--
-- Table structure for table `course_offerings`
--

DROP TABLE IF EXISTS `course_offerings`;
/*!40101 SET @saved_cs_client     = @@character_set_client */;
/*!50503 SET character_set_client = utf8mb4 */;
CREATE TABLE `course_offerings` (
  `ID` int NOT NULL AUTO_INCREMENT,
  `CRN` int NOT NULL,
  `CourseCode` varchar(20) DEFAULT NULL,
  `Section` varchar(10) DEFAULT NULL,
  `Instructor` varchar(100) DEFAULT NULL,
  `TimeSlots` text,
  `Room` varchar(100) DEFAULT NULL,
  `SessionType` varchar(20) NOT NULL DEFAULT 'Lecture',
  `Capacity` int DEFAULT '10',
  PRIMARY KEY (`ID`),
  KEY `CourseCode` (`CourseCode`),
  CONSTRAINT `course_offerings_ibfk_1` FOREIGN KEY (`CourseCode`) REFERENCES `course_catalog` (`CourseCode`)
) ENGINE=InnoDB AUTO_INCREMENT=222 DEFAULT CHARSET=utf8mb4 COLLATE=utf8mb4_0900_ai_ci;
/*!40101 SET character_set_client = @saved_cs_client */;

--
-- Dumping data for table `course_offerings`
--

LOCK TABLES `course_offerings` WRITE;
/*!40000 ALTER TABLE `course_offerings` DISABLE KEYS */;
INSERT INTO `course_offerings` VALUES (1,21340,'SOCI001','DA1','Christiane Afif Mechaalany','{\"Wednesday\": [481, 600]}','F1D','Lecture',10),(2,21341,'SOCI001','DE1','Christiane Afif Mechaalany','{\"Wednesday\": [601, 720]}','Lecture Room B103','Lecture',10),(3,20680,'COMP225','D1','Leen Mohammad Abdo','{\"Monday\": [481, 600]}','Computer Lab E','Lab',10),(4,20680,'COMP225','D1','Ali Massoud Haydar','{\"Tuesday\": [841, 960]}','EG141','Lecture',10),(5,20681,'COMP225','D2','Ali Massoud Haydar','{\"Tuesday\": [841, 960]}','EG141','Lecture',10),(6,20681,'COMP225','D2','Leen Mohammad Abdo','{\"Monday\": [601, 720]}','Computer Lab E','Lab',10),(7,20682,'COMP225','D3','Leen Mohammad Abdo','{\"Thursday\": [481, 600]}','Computer Lab F','Lab',10),(9,20682,'COMP225','D3','Ali Massoud Haydar','{\"Tuesday\": [841, 960]}','EG141','Lecture',10),(10,20683,'COMP225','D4','Ali Massoud Haydar','{\"Tuesday\": [841, 960]}','EG141','Lecture',10),(11,21738,'WRNL200','D1','Ghada Antoine Khawaja','{\"Wednesday\": [781, 960]}','F1C','Lecture',10),(12,20683,'COMP225','D4','Leen Mohammad Abdo','{\"Thursday\": [601, 720]}','Computer Lab F','Lab',10),(13,20684,'COMP225','D5','Ali Massoud Haydar','{\"Tuesday\": [841, 960]}','EG141','Lecture',10),(14,22164,'WRNL200','D2','Manal Khodor Fattoum','{\"Wednesday\": [601, 780]}','A203','Lecture',10),(16,20684,'COMP225','D5','Leen Mohammad Abdo','{\"Thursday\": [721, 840]}','Microprocessor','Lab',10),(17,20685,'COMP225','D6','Ali Massoud Haydar','{\"Tuesday\": [841, 960]}','EG141','Lecture',10),(18,20685,'COMP225','D6','Leen Mohammad Abdo','{\"Thursday\": [841, 960]}','nan','Lab',10),(20,20713,'COMP443','D1','Iman Mahmoud Haidar','{\"Monday\": [841, 960]}','EB132-1','Lecture',10),(21,20713,'COMP443','D1','Ali Hasan Nassar','{\"Monday\": [601, 720]}','Computer Lab A','Lab',10),(22,20733,'POWE212','D1','Youssef Omar Ajra','{\"Wednesday\": [571, 660], \"Monday\": [571, 660]}','EG127','Lecture',10),(23,20734,'POWE212','D2','Hiba Mohamad Al-Halabi','{\"Tuesday\": [571, 660], \"Thursday\": [571, 660]}','EG127','Lecture',10),(24,20735,'POWE212','D3','Youssef Omar Ajra','{\"Monday\": [661, 750], \"Wednesday\": [661, 750]}','EG127','Lecture',10),(25,20714,'COMP443','D2','Iman Mahmoud Haidar','{\"Monday\": [841, 960]}','EB132-1','Lecture',10),(26,20714,'COMP443','D2','Ali Hasan Nassar','{\"Thursday\": [481, 600]}','Computer Lab A','Lab',10),(27,20736,'POWE212','D4','Abdalla Sami Al Ghali','{\"Thursday\": [661, 750], \"Tuesday\": [661, 750]}','EG127','Lecture',10),(28,20715,'COMP452','D1','Ziad Fouad Doughan','{\"Wednesday\": [601, 720]}','EB132-1','Lecture',10),(29,20715,'COMP452','D1','Hafez Mounib Al Khatib','{\"Wednesday\": [481, 600]}','TBA','Lab',10),(30,20679,'COMP215','D1','Hiba Sami Bazzi','{\"Monday\": [601, 720]}','EB132-1','Lecture',10),(31,20679,'COMP215','D1','Ali Hasan Nassar','{\"Tuesday\": [481, 600]}','Computer Lab A','Lab',10),(32,20688,'COMP232','D1','Yasmin Hussein Abbas','{\"Tuesday\": [481, 600]}','computer Lab B','Lab',10),(33,20716,'COMP452','D2','Hafez Mounib Al Khatib','{\"Thursday\": [601, 720]}','TBA','Lab',10),(34,20716,'COMP452','D2','Ziad Fouad Doughan','{\"Wednesday\": [601, 720]}','EB132-1','Lecture',10),(36,20688,'COMP232','D1','Iman Mahmoud Haidar','{\"Thursday\": [841, 960]}','EG141','Lecture',10),(37,20689,'COMP232','D2','Ali Hasan Nassar','{\"Tuesday\": [601, 720]}','computer Lab B','Lab',10),(38,20689,'COMP232','D2','Iman Mahmoud Haidar','{\"Thursday\": [841, 960]}','EG141','Lecture',10),(39,20718,'COMP499','D1','Iman Mahmoud Haidar','{\"Friday\": [781, 840]}','EB132-1','Lecture',10),(44,20690,'COMP232','D3','Iman Mahmoud Haidar','{\"Thursday\": [841, 960]}','EG141','Lecture',10),(45,20690,'COMP232','D3','Yasmin Hussein Abbas','{\"Tuesday\": [601, 720]}','computer Lab B','Lab',10),(46,20719,'COMP500','D1','Mohammad Houssein Ayache','{\"Wednesday\": [841, 960]}','EB227','Lecture',10),(47,20691,'COMP232','D4','Ali Hasan Nassar','{\"Wednesday\": [601, 720]}','computer Lab B','Lab',10),(50,20691,'COMP232','D4','Iman Mahmoud Haidar','{\"Thursday\": [841, 960]}','EG141','Lecture',10),(52,20692,'COMP311','D1','Ziad Fouad Doughan','{\"Monday\": [841, 960]}','EG141','Lecture',10),(53,20692,'COMP311','D1','Mohamad Ahmad Maad','{\"Tuesday\": [481, 600]}','computer lab C','Lab',10),(54,20693,'COMP311','D2','Mohamad Ahmad Maad','{\"Tuesday\": [841, 960]}','computer Lab B','Lab',10),(55,20693,'COMP311','D2','Ziad Fouad Doughan','{\"Monday\": [841, 960]}','EG141','Lecture',10),(56,20694,'COMP311','D3','Mohamad Ahmad Maad','{\"Wednesday\": [481, 600]}','computer Lab B','Lab',10),(58,20720,'COMP501','D1','Iman Mahmoud Haidar','{\"Friday\": [481, 540]}','EB132-1','Lecture',10),(59,20694,'COMP311','D3','Ziad Fouad Doughan','{\"Monday\": [841, 960]}','EG141','Lecture',10),(60,20721,'COMP502','D1','Iman Mahmoud Haidar','{\"Friday\": [601, 780]}','EB132-1','Lecture',10),(61,20695,'COMP325','D1','Joseph Gabi Massoud','{\"Thursday\": [961, 1080]}','Microprocessor','Lab',10),(62,20695,'COMP325','D1','Ali Massoud Haydar','{\"Wednesday\": [841, 960]}','EG141','Lecture',10),(63,20697,'COMP325','D3','Joseph Gabi Massoud','{\"Thursday\": [481, 600]}','Microprocessor','Lab',10),(64,20697,'COMP325','D3','Ali Massoud Haydar','{\"Wednesday\": [841, 960]}','EG141','Lecture',10),(68,20722,'COMP525','D1','Hafez Mounib Al Khatib','{\"Thursday\": [481, 600]}','TBA','Lab',10),(70,20722,'COMP525','D1','Ali Massoud Haydar','{\"Wednesday\": [721, 840]}','EG141','Lecture',10),(71,20723,'COMP525','D2','Hafez Mounib Al Khatib','{\"Wednesday\": [841, 960]}','TBA','Lab',10),(73,20723,'COMP525','D2','Ali Massoud Haydar','{\"Wednesday\": [721, 840]}','EG141','Lecture',10),(74,20724,'COMP560','D1','Hafez Mounib Al Khatib','{\"Monday\": [481, 600]}','TBA','Lab',10),(75,20724,'COMP560','D1','Ziad Fouad Doughan','{\"Monday\": [721, 840]}','EB132-1','Lecture',10),(76,20698,'COMP325','D4','Joseph Gabi Massoud','{\"Thursday\": [601, 720]}','Microprocessor','Lab',10),(77,20727,'COMP567','D2','Walid Ali Fahs','{\"Thursday\": [841, 960]}','EB132-1','Lecture',10),(78,20698,'COMP325','D4','Ali Massoud Haydar','{\"Wednesday\": [841, 960]}','EG141','Lecture',10),(79,20699,'COMP325','D5','Joseph Gabi Massoud','{\"Thursday\": [721, 840]}','Microprocessor','Lab',10),(80,20727,'COMP567','D2','Walid Ali Fahs','{\"Thursday\": [721, 840]}','TBA','Lab',10),(81,20841,'CHEM241','D1','Ibtisam Rashid Saed','{\"Wednesday\": [841, 930]}','B210','Lecture',10),(82,20841,'CHEM241','D1','Ibtisam Rashid Saed','{\"Monday\": [841, 930]}','B212','Lecture',10),(83,21360,'CHEM241','D2','Ibtisam Rashid Saed','{\"Thursday\": [841, 931], \"Tuesday\": [841, 931]}','B212','Lecture',10),(84,20699,'COMP325','D5','Ali Massoud Haydar','{\"Wednesday\": [841, 960]}','EG141','Lecture',10),(85,20842,'CHEM405','D1','Khadija Mostafa Hejazi','{\"Monday\": [661, 780]}','EB225','Lecture',10),(86,20843,'COMP208','D1','Hiba Sami Bazzi','{\"Monday\": [841, 960]}','EG139','Lecture',10),(88,20700,'COMP344','D1','Hafez Mounib Al Khatib','{\"Thursday\": [721, 840]}','computer lab C','Lab',10),(90,20700,'COMP344','D1','Hiba Sami Bazzi','{\"Wednesday\": [601, 720]}','EG141','Lecture',10),(91,20701,'COMP344','D2','Yasmin Hussein Abbas','{\"Thursday\": [481, 600]}','computer lab C','Lab',10),(92,20701,'COMP344','D2','Hiba Sami Bazzi','{\"Wednesday\": [601, 720]}','EG141','Lecture',10),(93,20702,'COMP344','D3','Hiba Sami Bazzi','{\"Wednesday\": [601, 720]}','EG141','Lecture',10),(94,20843,'COMP208','D1','Mohamad Ahmad Maad','{\"Wednesday\": [841, 960]}','computer lab D','Lab',10),(95,20852,'COMP208','D10','Hamzeh Ali Damaj','{\"Tuesday\": [841, 960]}','computer lab D','Lab',10),(96,20852,'COMP208','D10','Mostafa Ahmad Albizri','{\"Thursday\": [841, 960]}','EB227','Lecture',10),(97,20853,'COMP208','D11','Mostafa Ahmad Albizri','{\"Thursday\": [841, 960]}','EB227','Lecture',10),(98,20702,'COMP344','D3','Yasmin Hussein Abbas','{\"Thursday\": [601, 720]}','computer lab C','Lab',10),(99,20853,'COMP208','D11','Lara Malek Fawaz','{\"Tuesday\": [721, 840]}','computer lab D','Lab',10),(100,20854,'COMP208','D12','Mostafa Ahmad Albizri','{\"Thursday\": [841, 960]}','EB227','Lecture',10),(101,20854,'COMP208','D12','Abbass Hussein Mostapha','{\"Monday\": [721, 840]}','computer lab D','Lab',10),(102,20703,'COMP364','D1','Aya Wajih Yaman','{\"Thursday\": [481, 600]}','computer Lab B','Lab',10),(103,20844,'COMP208','D2','Hiba Sami Bazzi','{\"Monday\": [841, 960]}','EG139','Lecture',10),(104,20703,'COMP364','D1','Ziad Fouad Doughan','{\"Tuesday\": [481, 600]}','EG141','Lecture',10),(105,20704,'COMP364','D2','Aya Wajih Yaman','{\"Thursday\": [601, 720]}','computer Lab B','Lab',10),(106,20844,'COMP208','D2','Lara Malek Fawaz','{\"Wednesday\": [841, 960]}','Computer Lab E','Lab',10),(107,20704,'COMP364','D2','Ziad Fouad Doughan','{\"Tuesday\": [481, 600]}','EG141','Lecture',10),(108,20705,'COMP364','D3','Aya Wajih Yaman','{\"Thursday\": [721, 840]}','computer Lab B','Lab',10),(109,20705,'COMP364','D3','Ziad Fouad Doughan','{\"Tuesday\": [481, 600]}','EG141','Lecture',10),(110,20845,'COMP208','D3','Hiba Sami Bazzi','{\"Monday\": [841, 960]}','EG139','Lecture',10),(111,20706,'COMP428','D1','Hamzeh Ali Damaj','{\"Thursday\": [481, 600]}','Computer Lab E','Lab',10),(112,20845,'COMP208','D3','Abbass Hussein Mostapha','{\"Thursday\": [721, 840]}','computer lab D','Lab',10),(113,20846,'COMP208','D4','Mostafa Ahmad Albizri','{\"Tuesday\": [841, 960]}','EB228','Lecture',10),(114,20846,'COMP208','D4','Abbass Hussein Mostapha','{\"Thursday\": [841, 960]}','computer lab D','Lab',10),(115,20847,'COMP208','D5','Mostafa Ahmad Albizri','{\"Tuesday\": [841, 960]}','EB228','Lecture',10),(116,20847,'COMP208','D5','Mohamad Ahmad Maad','{\"Thursday\": [841, 960]}','Computer Lab E','Lab',10),(117,20706,'COMP428','D1','Hiba Sami Bazzi','{\"Tuesday\": [841, 960]}','EG139','Lecture',10),(118,20707,'COMP428','D2','Hamzeh Ali Damaj','{\"Thursday\": [601, 720]}','Computer Lab E','Lab',10),(119,20707,'COMP428','D2','Hiba Sami Bazzi','{\"Tuesday\": [841, 960]}','EG139','Lecture',10),(120,20708,'COMP428','D3','Hamzeh Ali Damaj','{\"Thursday\": [721, 840]}','Computer Lab E','Lab',10),(121,20848,'COMP208','D6','Mohamad Ahmad Maad','{\"Wednesday\": [721, 840]}','computer lab D','Lab',10),(122,20848,'COMP208','D6','Mostafa Ahmad Albizri','{\"Tuesday\": [841, 960]}','EB228','Lecture',10),(123,20849,'COMP208','D7','Mostafa Ahmad Albizri','{\"Wednesday\": [841, 960]}','EB229','Lecture',10),(124,20849,'COMP208','D7','Lara Malek Fawaz','{\"Monday\": [841, 960]}','computer lab D','Lab',10),(125,20850,'COMP208','D8','Abbass Hussein Mostapha','{\"Monday\": [841, 960]}','Computer Lab E','Lab',10),(126,20850,'COMP208','D8','Mostafa Ahmad Albizri','{\"Wednesday\": [841, 960]}','EB229','Lecture',10),(127,20851,'COMP208','D9','Hamzeh Ali Damaj','{\"Tuesday\": [721, 840]}','Computer Lab E','Lab',10),(128,20851,'COMP208','D9','Mostafa Ahmad Albizri','{\"Wednesday\": [841, 960]}','EB229','Lecture',10),(129,20857,'ENGL211','D1','Lotfi Youssef Hamadeh','{\"Monday\": [661, 780]}','EB230','Lecture',10),(130,20858,'ENGL211','D2','Lotfi Youssef Hamadeh','{\"Monday\": [841, 960]}','EB230','Lecture',10),(131,20859,'ENGL211','D3','Lotfi Youssef Hamadeh','{\"Wednesday\": [661, 780]}','EB230','Lecture',10),(132,20860,'ENGL211','D4','Lotfi Youssef Hamadeh','{\"Wednesday\": [841, 960]}','EB230','Lecture',10),(133,20861,'ENGL300','D1','Layal Masoud Mosleh','{\"Monday\": [661, 780]}','EB331','Lecture',10),(134,20862,'ENGL300','D2','Layal Masoud Mosleh','{\"Monday\": [841, 960]}','EB331','Lecture',10),(135,20863,'ENGL300','D3','Layal Masoud Mosleh','{\"Wednesday\": [661, 780]}','EB331','Lecture',10),(136,20864,'ENGL300','D4','Layal Masoud Mosleh','{\"Wednesday\": [841, 960]}','EB331','Lecture',10),(137,20865,'ENGR001','D1','Joumana Ali Orabi','{\"Wednesday\": [841, 900]}','EB200-2','Lecture',10),(138,21778,'ENGR001','D2','Joumana Ali Orabi','{\"Wednesday\": [901, 960]}','EB200-2','Lecture',10),(139,20866,'ENGR002','D1','Sandy Jamaleddine Chaaban','{\"Monday\": [481, 540], \"Wednesday\": [481, 540]}','EG139','Lecture',10),(140,20950,'ENGR002','D2','Sandy Jamaleddine Chaaban','{\"Thursday\": [781, 840], \"Tuesday\": [781, 840]}','EB200-2','Lecture',10),(141,20628,'INME221','D1','Rola Noureddine Sammoura','{\"Wednesday\": [751, 840], \"Monday\": [751, 840]}','EB320','Lecture',10),(142,20629,'INME221','D2','Rola Noureddine Sammoura','{\"Thursday\": [751, 840], \"Tuesday\": [751, 840]}','EB320','Lecture',10),(143,20867,'MATH281','D1','Mohammad Houssein Ayache','{\"Wednesday\": [661, 750], \"Monday\": [661, 750]}','EB200-1','Lecture',10),(144,20708,'COMP428','D3','Hiba Sami Bazzi','{\"Tuesday\": [841, 960]}','EG139','Lecture',10),(145,20868,'MATH282','D1','Toufic Mohamed Anis El Arwadi','{\"Monday\": [571, 660], \"Wednesday\": [571, 660]}','EB200-1','Lecture',10),(146,20709,'COMP428','D4','Hamzeh Ali Damaj','{\"Thursday\": [841, 960]}','computer lab C','Lab',10),(147,20870,'MATH282','D3','Mohamed Nizar Hmadi','{\"Tuesday\": [571, 660], \"Thursday\": [571, 660]}','EB140','Lecture',10),(148,20709,'COMP428','D4','Hiba Sami Bazzi','{\"Tuesday\": [841, 960]}','EG139','Lecture',10),(149,22271,'MATH282','D4','Mohamad Nohad Abed Al-Rahim','{\"Thursday\": [571, 660], \"Tuesday\": [571, 660]}','EB228','Lecture',10),(150,20871,'MATH283','D1','Mohamad Nohad Abed Al-Rahim','{\"Wednesday\": [481, 570], \"Monday\": [481, 570]}','EB200-1','Lecture',10),(151,20872,'MATH283','D2','Manal Khodor Fattoum','{\"Tuesday\": [481, 570], \"Thursday\": [481, 570]}','EB200-2','Lecture',10),(152,20873,'MATH283','D3','Manal Khodor Fattoum','{\"Tuesday\": [571, 660], \"Thursday\": [571, 660]}','EB200-2','Lecture',10),(153,20712,'COMP442','D1','Iman Mahmoud Haidar','{\"Monday\": [661, 720], \"Tuesday\": [721, 840]}','EG141','Lecture',10),(154,20717,'COMP454','D1','Hiba Sami Bazzi','{\"Monday\": [751, 840], \"Wednesday\": [751, 840]}','EB142','Lecture',10),(155,20874,'MATH284','D1','Amal Mohammad Saleh Assaad','{\"Monday\": [781, 840]}','Computer Lab A','Lab',10),(156,20728,'COMP454L','D1','Ali Hasan Nassar','{\"Monday\": [841, 960]}','computer lab C','Lab',10),(157,20729,'COMP454L','D2','Ali Hasan Nassar','{\"Wednesday\": [481, 600]}','computer lab C','Lab',10),(158,20730,'COMP454L','D3','Ali Hasan Nassar','{\"Monday\": [481, 600]}','computer lab C','Lab',10),(159,20710,'COMP431','D1','Abbass Hussein Mostapha','{\"Tuesday\": [480, 600]}','TBA','Lab',10),(160,20874,'MATH284','D1','Sandy Jamaleddine Chaaban','{\"Wednesday\": [661, 750], \"Monday\": [661, 750]}','EG139','Lecture',10),(161,20875,'MATH284','D2','Sandy Jamaleddine Chaaban','{\"Wednesday\": [661, 750], \"Monday\": [661, 750]}','EG139','Lecture',10),(162,20875,'MATH284','D2','Amal Mohammad Saleh Assaad','{\"Monday\": [841, 900]}','Computer Lab A','Lab',10),(163,20876,'MATH284','D3','Sandy Jamaleddine Chaaban','{\"Monday\": [661, 750], \"Wednesday\": [661, 750]}','EG139','Lecture',10),(164,20876,'MATH284','D3','Amal Mohammad Saleh Assaad','{\"Monday\": [901, 960]}','Computer Lab A','Lab',10),(165,20877,'MATH284','D4','Sandy Jamaleddine Chaaban','{\"Tuesday\": [661, 750], \"Thursday\": [661, 750]}','EB331','Lecture',10),(166,20877,'MATH284','D4','Rana Hani Kanj','{\"Tuesday\": [781, 840]}','Computer Lab A','Lab',10),(167,20710,'COMP431','D1','Iman Mahmoud Haidar','{\"Tuesday\": [601, 720]}','EG141','Lecture',10),(168,20878,'MATH284','D5','Sandy Jamaleddine Chaaban','{\"Thursday\": [661, 750], \"Tuesday\": [661, 750]}','EB331','Lecture',10),(169,20878,'MATH284','D5','Rana Hani Kanj','{\"Tuesday\": [841, 900]}','Computer Lab A','Lab',10),(170,20879,'MATH284','D6','Rana Hani Kanj','{\"Tuesday\": [901, 960]}','Computer Lab A','Lab',10),(171,20879,'MATH284','D6','Sandy Jamaleddine Chaaban','{\"Tuesday\": [661, 750], \"Thursday\": [661, 750]}','EB331','Lecture',10),(172,22264,'MATH284','D7','Rana Hani Kanj','{\"Monday\": [781, 840]}','computer lab C','Lab',10),(173,22264,'MATH284','D7','Sandy Jamaleddine Chaaban','{\"Wednesday\": [661, 750], \"Monday\": [661, 750]}','EG139','Lecture',10),(174,20880,'MATH381','D1','Zaidoun Mahmoud Zaidan','{\"Wednesday\": [571, 660], \"Monday\": [571, 660]}','EB320','Lecture',10),(175,20881,'MATH381','D2','Zaidoun Mahmoud Zaidan','{\"Thursday\": [571, 660], \"Tuesday\": [571, 660]}','EB320','Lecture',10),(176,20884,'MCHE213','D1','Amr Aly Hassan Ibrahim','{\"Monday\": [481, 570], \"Wednesday\": [481, 570]}','EB331','Lecture',10),(177,20885,'MGMT002','D1','Rana Mohammad-Tawfic Saab','{\"Wednesday\": [721, 840]}','B212','Lecture',10),(178,20886,'MGMT002','D2','Rana Mohammad-Tawfic Saab','{\"Wednesday\": [841, 960]}','B212','Lecture',10),(179,22191,'PHYS281','D1','Alaa Mahmoud Daher','{\"Wednesday\": [661, 750], \"Monday\": [661, 750]}','EB200-2','Lecture',10),(180,20888,'PHYS281','D2','Majeed Fayez Abdulrahman','{\"Tuesday\": [661, 750], \"Thursday\": [661, 750]}','EB320','Lecture',10),(181,20889,'PHYS282','D1','Khouloud Khaled Habanjar','{\"Wednesday\": [721, 780], \"Monday\": [721, 780]}','B218','Lecture',10),(182,20889,'PHYS282','D1','Tba  Tba','{\"Tuesday\": [721, 840]}','General Physics Lab','Lab',10),(183,20890,'PHYS282','D2','Khouloud Khaled Habanjar','{\"Wednesday\": [721, 780], \"Monday\": [721, 780]}','B218','Lecture',10),(184,20890,'PHYS282','D2','Tba  Tba','{\"Wednesday\": [601, 720]}','General Physics Lab','Lab',10),(185,20891,'PHYS282','D3','Tba  Tba','{\"Wednesday\": [841, 960]}','General Physics Lab','Lab',10),(186,20891,'PHYS282','D3','Khouloud Khaled Habanjar','{\"Monday\": [781, 840], \"Wednesday\": [781, 840]}','EB200-1','Lecture',10),(187,20892,'PHYS282','D4','Tba  Tba','{\"Tuesday\": [481, 600]}','General Physics Lab','Lab',10),(188,20892,'PHYS282','D4','Khouloud Khaled Habanjar','{\"Wednesday\": [781, 840], \"Monday\": [781, 840]}','EB200-1','Lecture',10),(189,20893,'PHYS282','D5','Dana Ghassan Abou Daher','{\"Monday\": [601, 720]}','General Physics Lab','Lab',10),(190,20893,'PHYS282','D5','Wassila Sami El Kanawati','{\"Tuesday\": [721, 780], \"Thursday\": [721, 780]}','EB200-1','Lecture',10),(191,20896,'PHYS282','D8','Tba  Tba','{\"Tuesday\": [841, 960]}','General Physics Lab','Lab',10),(192,20896,'PHYS282','D8','Wassila Sami El Kanawati','{\"Thursday\": [781, 840], \"Tuesday\": [781, 840]}','EB200-1','Lecture',10),(193,21110,'ARAB001','D1','Zeina Faysal Zein','{\"Wednesday\": [721, 840]}','A204','Lecture',10),(194,21111,'ARAB001','D2','Zeina Faysal Zein','{\"Wednesday\": [841, 960]}','A204','Lecture',10),(195,21112,'ARAB001','D3','Hussain Ibrahim Abdul Halim','{\"Wednesday\": [481, 600]}','A203','Lecture',10),(196,21113,'ARAB001','D4','Hussain Ibrahim Abdul Halim','{\"Wednesday\": [601, 720]}','A204','Lecture',10),(197,20411,'BLAW001','D1','Rola Abed El-Halim Chwaikani','{\"Thursday\": [721, 780]}','EB142','Lecture',10),(198,20409,'BLAW001','D2','Rola Abed El-Halim Chwaikani','{\"Thursday\": [601, 660]}','EB142','Lecture',10),(199,20410,'BLAW001','D3','Rola Abed El-Halim Chwaikani','{\"Thursday\": [661, 720]}','EB142','Lecture',10),(200,21159,'ENGL001','D1','Layal Masoud Mosleh','{\"Tuesday\": [541, 660]}','F1D','Lecture',10),(201,21160,'ENGL001','D2','Layal Masoud Mosleh','{\"Tuesday\": [661, 780]}','F1D','Lecture',10),(202,21161,'ENGL001','D3','Lotfi Youssef Hamadeh','{\"Tuesday\": [601, 720]}','EB142','Lecture',10),(203,21162,'ENGL001','D4','Lotfi Youssef Hamadeh','{\"Thursday\": [541, 660]}','EB200-1','Lecture',10),(204,21163,'ENGL001','D5','Layal Masoud Mosleh','{\"Thursday\": [661, 780]}','F1D','Lecture',10),(205,22238,'ENGL001','D6','Lotfi Youssef Hamadeh','{\"Thursday\": [721, 840]}','EG141','Lecture',10),(206,21779,'CVLE007','D1','Rouba Abed El Rahman Jounblat','{\"Thursday\": [601, 720]}','EG125','Lecture',10),(207,20910,'CVLE009','D1','Lena Ahmad Jaber','{\"Tuesday\": [721, 840]}','EG130','Lecture',10),(208,21662,'ENVI004','D1','Noura Saadeddine Abou Zaynab','{\"Thursday\": [781, 900]}','EG125','Lecture',10),(209,21198,'FREN001','D1','Fatima Walid Yassine','{\"Thursday\": [721, 840]}','F1B','Lecture',10),(210,21201,'FREN002','D1','Fatima Walid Yassine','{\"Monday\": [721, 840]}','F1C','Lecture',10),(211,21783,'FREN002','D2','Fatima Walid Yassine','{\"Thursday\": [601, 720]}','F1C','Lecture',10),(212,22120,'HESC003','3','Ibrahim Bilal Al-Kadamani','{\"Wednesday\": [721, 840]}','Lecture Room B103','Lecture',10),(213,21214,'HIST003','D1','Rama Aziz Draz','{\"Monday\": [601, 720]}','F1C','Lecture',10),(214,21219,'HIST009','D1','Rama Aziz Draz','{\"Monday\": [721, 840]}','F1D','Lecture',10),(215,21222,'HIST020','D1','Rama Aziz Draz','{\"Tuesday\": [601, 720]}','F1C','Lecture',10),(216,21665,'HSSC001','D1','Ali Mahmoud Kaafarani','{\"Tuesday\": [841, 960]}','EB318','Lecture',10),(217,22119,'NURS001','3','Ibrahim Bilal Al-Kadamani','{\"Wednesday\": [601, 720]}','Lecture Room B105','Lecture',10),(218,22121,'NURS001','4','Ibrahim Bilal Al-Kadamani','{\"Wednesday\": [841, 960]}','Lecture Room B103','Lecture',10),(219,21710,'PHYS002','D1','Wael Ali Chmaissani','{\"Thursday\": [841, 960]}','EB127','Lecture',10),(220,21712,'PHYS006','D1','Adnan Ahmad Al-Tayara','{\"Wednesday\": [841, 960]}','EB318','Lecture',10),(221,21732,'SCTH001','D1','Noura Saadeddine Abou Zaynab','{\"Monday\": [841, 960]}','EB318','Lecture',10);
/*!40000 ALTER TABLE `course_offerings` ENABLE KEYS */;
UNLOCK TABLES;

--
-- Table structure for table `student_cache`
--

DROP TABLE IF EXISTS `student_cache`;
/*!40101 SET @saved_cs_client     = @@character_set_client */;
/*!50503 SET character_set_client = utf8mb4 */;
CREATE TABLE `student_cache` (
  `student_id` varchar(100) NOT NULL,
  `password_hash` text NOT NULL,
  `completed_courses` json DEFAULT NULL,
  `sgpa` float DEFAULT NULL,
  `total_credits` int DEFAULT NULL,
  `last_updated` timestamp NULL DEFAULT CURRENT_TIMESTAMP ON UPDATE CURRENT_TIMESTAMP,
  PRIMARY KEY (`student_id`)
) ENGINE=InnoDB DEFAULT CHARSET=utf8mb4 COLLATE=utf8mb4_0900_ai_ci;
/*!40101 SET character_set_client = @saved_cs_client */;

--
-- Dumping data for table `student_cache`
--

LOCK TABLES `student_cache` WRITE;
/*!40000 ALTER TABLE `student_cache` DISABLE KEYS */;
/*!40000 ALTER TABLE `student_cache` ENABLE KEYS */;
UNLOCK TABLES;

--
-- Table structure for table `study_plan`
--

DROP TABLE IF EXISTS `study_plan`;
/*!40101 SET @saved_cs_client     = @@character_set_client */;
/*!50503 SET character_set_client = utf8mb4 */;
CREATE TABLE `study_plan` (
  `id` int NOT NULL AUTO_INCREMENT,
  `course_code` varchar(20) NOT NULL,
  `semester` int NOT NULL,
  PRIMARY KEY (`id`)
) ENGINE=InnoDB AUTO_INCREMENT=59 DEFAULT CHARSET=utf8mb4 COLLATE=utf8mb4_0900_ai_ci;
/*!40101 SET character_set_client = @saved_cs_client */;

--
-- Dumping data for table `study_plan`
--

LOCK TABLES `study_plan` WRITE;
/*!40000 ALTER TABLE `study_plan` DISABLE KEYS */;
INSERT INTO `study_plan` VALUES (1,'ENGR002',1),(2,'MATH281',1),(3,'MATH282',1),(4,'MCHE213',1),(5,'PHYS282',1),(6,'ARAB001',1),(7,'COMP208',2),(8,'COMP225',2),(9,'MATH283',2),(10,'PHYS282',2),(11,'POWE212',2),(12,'ENGL001',2),(13,'CHEM241',3),(14,'ENGL211',3),(15,'BLAW001',3),(16,'General Elective',3),(17,'COME223',4),(18,'COMP210',4),(19,'COMP215',4),(20,'COMP226',4),(21,'COMP231',4),(22,'ENGL300',4),(23,'COMP232',5),(24,'COMP311',5),(25,'COMP325',5),(26,'INME221',5),(27,'MATH284',5),(28,'MATH381',5),(29,'CHEM405',6),(30,'ENGR001',6),(31,'MGMT002',6),(32,'General Elective',6),(33,'General Elective',6),(34,'COME411',7),(35,'COMP337',7),(36,'COMP361',7),(37,'COMP423',7),(38,'COMP453',7),(39,'Technical Elective',7),(40,'COMP344',8),(41,'COMP364',8),(42,'COMP428',8),(43,'COMP442',8),(44,'COMP454',8),(45,'COMP454L',8),(46,'General Elective',8),(47,'COMP499',9),(48,'COMP500',10),(49,'COMP501',10),(50,'COMP543',10),(51,'COMP543L',10),(52,'Technical Elective',10),(53,'Technical ELective',10),(54,'COMP443',11),(55,'COMP452',11),(56,'COMP502',11),(57,'COMP525',11),(58,'Technical Elective',11);
/*!40000 ALTER TABLE `study_plan` ENABLE KEYS */;
UNLOCK TABLES;
/*!40103 SET TIME_ZONE=@OLD_TIME_ZONE */;

/*!40101 SET SQL_MODE=@OLD_SQL_MODE */;
/*!40014 SET FOREIGN_KEY_CHECKS=@OLD_FOREIGN_KEY_CHECKS */;
/*!40014 SET UNIQUE_CHECKS=@OLD_UNIQUE_CHECKS */;
/*!40101 SET CHARACTER_SET_CLIENT=@OLD_CHARACTER_SET_CLIENT */;
/*!40101 SET CHARACTER_SET_RESULTS=@OLD_CHARACTER_SET_RESULTS */;
/*!40101 SET COLLATION_CONNECTION=@OLD_COLLATION_CONNECTION */;
/*!40111 SET SQL_NOTES=@OLD_SQL_NOTES */;

-- Dump completed on 2025-05-01 17:24:02
